"Group","Acer rubrum","Acer saccharum","Carya cordiformis","Carya ovata","Celtis occidentalis","Cercis canadensis","Cornus florida","Fagus grandifolia","Fraxinus americana","Fraxinus pennsylvanica","Hamamelis virginiana","Juniperus virginiana","Liriodendron tulipifera","Paulownia tomentosa","Prunus serotina","Quercus alba","Quercus coccinea","Quercus prinus","Quercus rubra","Quercus shumardii","Quercus velutina","Rhus typhina","Sassafras albidum","Tilia americana","Ulmus americana","Ulmus rubra"
"0",2,18,0,0,0,0,0,6,0,0,0,0,0,0,0,1,0,6,0,0,0,0,0,0,0,0
"1",1,12,0,0,0,0,0,17,1,0,0,0,0,0,0,1,0,4,0,0,2,0,0,0,0,0
"2",2,6,0,0,0,0,1,27,0,0,0,0,0,0,0,0,0,7,0,0,1,0,0,0,0,0
"3",0,16,0,0,0,0,1,26,0,0,0,0,0,0,0,0,0,6,0,0,2,0,1,0,0,0
"4",2,14,0,0,0,0,1,21,0,0,0,0,0,0,0,0,1,10,0,0,0,0,0,0,0,0
"5",6,4,0,0,0,0,11,35,0,0,2,0,0,0,0,0,0,12,0,0,0,0,0,0,0,0
"6",2,13,0,0,0,0,1,27,1,0,0,0,0,0,0,1,0,4,0,0,0,0,0,0,0,0
"7",3,9,0,0,0,0,0,33,1,0,0,0,0,0,0,0,0,6,3,0,0,0,0,0,0,0
"8",2,16,0,0,0,0,0,33,0,0,0,0,0,0,0,0,0,4,1,0,0,0,1,0,0,0
"9",1,10,0,0,0,0,0,14,0,0,0,0,0,0,0,0,0,2,0,0,0,0,0,0,0,0
"10",1,6,0,0,0,0,0,8,0,0,0,0,0,0,0,0,0,11,0,0,0,0,1,0,0,0
"11",2,9,0,2,0,0,1,15,0,2,0,0,0,0,0,0,0,2,0,0,2,0,2,0,0,1
"12",0,15,0,0,0,0,0,3,0,0,6,0,1,0,0,0,0,4,0,0,0,0,5,0,0,0
"13",0,18,0,0,0,0,0,6,0,0,0,0,0,0,0,0,0,2,2,0,0,0,0,0,0,0
"14",0,36,1,0,0,0,0,6,1,0,0,0,0,0,0,0,0,1,1,0,0,0,0,0,0,0
"15",1,19,0,0,0,0,0,16,0,0,0,0,0,0,0,0,0,4,0,0,0,0,0,0,0,0
"16",2,9,0,0,0,0,1,22,0,0,0,0,0,0,0,0,0,2,1,0,1,0,0,0,0,0
"17",3,15,0,0,0,0,0,27,0,0,0,0,0,0,0,0,0,4,0,0,0,0,0,0,0,0
"18",3,15,0,0,0,0,0,16,0,0,0,0,0,0,0,0,0,7,0,0,1,0,0,0,0,0
"19",4,17,0,0,0,0,0,9,0,0,0,0,1,0,0,0,0,1,0,0,0,0,0,0,0,0
"20",1,14,0,0,0,0,0,11,1,0,0,0,0,0,0,0,0,1,2,0,0,0,0,0,0,0
"21",2,4,0,0,0,0,0,16,0,0,0,0,0,0,0,1,0,0,1,0,0,0,0,0,0,0
"22",1,9,0,0,0,0,0,20,0,0,0,0,2,0,0,0,0,1,0,0,1,0,0,0,0,0
"23",3,14,0,0,0,0,0,32,0,0,0,0,0,0,0,0,0,4,0,0,1,0,0,0,0,0
"24",4,7,0,0,0,0,1,18,0,0,0,0,0,0,0,0,0,6,0,0,2,0,1,0,0,0
"100",7,9,0,0,0,0,0,14,0,0,0,0,0,0,0,1,0,6,0,0,1,0,0,0,0,0
"101",1,14,0,0,0,0,2,22,0,0,0,0,0,0,0,1,0,8,0,0,0,0,0,0,0,0
"102",2,10,0,1,0,0,0,20,0,0,0,0,0,0,0,4,1,5,1,0,3,0,1,0,0,0
"103",2,9,0,0,0,0,0,32,0,0,0,0,0,0,0,0,1,8,0,0,0,0,0,0,0,0
"104",3,6,0,0,0,0,4,29,0,0,0,0,0,0,0,0,0,9,0,0,0,0,1,0,0,0
"105",5,0,0,0,0,0,8,15,0,0,0,0,0,0,0,0,1,5,0,0,0,0,4,0,0,0
"106",7,0,0,0,0,0,3,22,0,0,0,0,0,0,0,0,0,10,0,0,1,0,1,0,0,0
"107",7,0,0,0,0,0,1,15,0,0,0,0,0,0,0,0,0,11,0,0,0,0,0,0,0,0
"108",5,4,0,0,0,0,6,32,0,0,0,0,0,0,0,0,0,10,0,0,0,0,0,0,0,0
"109",8,1,0,0,0,0,1,22,0,0,0,0,0,0,0,0,0,12,0,0,1,0,0,0,0,0
"110",4,2,0,0,0,0,2,19,0,0,0,0,0,0,0,0,0,11,0,0,0,0,9,0,0,0
"111",2,4,0,2,0,1,8,23,0,0,0,0,0,0,0,0,0,3,1,0,3,0,14,0,0,0
"112",10,10,1,0,0,0,0,10,0,1,10,1,0,0,1,0,0,6,0,0,0,0,4,0,0,0
"113",2,22,0,0,0,0,0,0,0,0,2,0,0,0,0,0,0,4,0,0,2,0,0,0,0,0
"114",2,22,0,0,0,0,1,10,0,0,0,0,0,0,0,0,0,2,0,0,1,0,0,0,0,0
"115",1,13,0,0,0,0,0,7,0,0,0,0,0,0,0,0,0,4,0,0,1,0,0,0,0,0
"116",3,12,0,0,0,0,0,12,0,0,0,0,0,0,0,0,0,3,0,0,0,0,0,0,0,0
"117",2,19,0,0,0,0,0,6,2,0,0,0,1,0,0,0,0,1,0,0,0,0,0,0,0,0
"118",0,18,1,0,0,0,1,7,0,0,0,0,0,0,0,0,0,7,0,0,1,0,0,0,0,0
"119",0,14,0,0,0,0,0,6,0,0,0,0,0,0,0,0,0,1,0,0,0,0,0,0,0,0
"120",1,27,0,0,0,0,0,8,0,0,0,0,0,0,0,0,0,1,0,0,0,0,0,0,0,0
"121",0,3,0,0,0,0,0,10,1,0,0,0,0,0,0,0,0,0,1,0,0,0,0,0,0,0
"122",0,13,0,0,0,0,0,9,0,0,0,0,0,0,0,0,0,2,0,0,1,0,1,0,0,0
"123",0,9,0,0,0,0,0,12,0,0,0,0,1,0,0,0,0,6,0,0,1,0,0,0,0,0
"124",9,5,0,0,0,0,0,24,0,0,0,0,0,0,0,0,0,9,0,0,2,0,1,0,0,0
"200",1,15,0,0,0,0,2,16,2,0,0,0,0,0,0,1,0,4,1,0,0,0,0,0,0,0
"201",6,8,0,0,0,0,2,16,0,0,0,0,0,0,0,2,0,7,1,0,2,0,0,0,0,0
"202",3,10,0,0,0,0,3,44,0,0,0,0,0,0,0,0,0,7,0,0,3,0,0,0,0,0
"203",3,7,0,0,0,0,7,26,0,0,0,0,0,0,0,0,0,6,0,0,2,0,1,0,0,0
"204",1,8,0,0,0,0,4,17,0,0,0,0,0,0,0,0,0,6,0,0,4,0,0,0,0,0
"205",2,1,0,0,0,0,3,21,0,0,0,0,0,0,0,0,0,8,0,0,3,0,1,0,0,0
"206",3,3,0,0,0,0,8,30,0,0,0,0,0,0,0,0,0,12,0,0,0,0,4,0,0,0
"207",6,1,0,0,0,0,1,17,0,0,0,0,0,0,0,0,0,13,0,0,1,0,1,0,0,0
"208",4,0,0,0,0,0,8,8,0,0,0,0,0,0,0,0,0,11,0,0,0,0,2,0,0,0
"209",6,2,0,0,0,0,2,17,0,0,0,0,0,0,0,0,0,11,1,0,0,0,2,0,0,0
"210",6,12,2,0,0,0,4,25,0,0,0,0,0,0,0,0,0,5,0,0,1,0,2,0,0,0
"211",3,6,0,0,0,0,0,17,2,2,0,0,0,0,0,0,0,6,0,0,1,0,12,0,0,0
"212",2,9,0,0,0,0,0,13,2,1,0,0,0,0,0,0,0,0,0,0,0,0,3,0,0,0
"213",0,5,0,0,0,0,0,0,0,1,1,0,0,0,0,0,0,0,0,0,0,0,0,0,0,1
"214",1,15,0,0,0,0,0,4,0,0,0,0,0,0,0,0,0,1,0,0,0,0,1,0,0,0
"215",3,16,1,0,0,0,0,2,0,0,0,0,0,0,0,0,0,0,0,0,1,0,0,0,0,0
"216",1,20,0,0,0,0,0,9,0,0,0,0,0,0,0,0,0,1,0,0,1,0,0,0,0,0
"217",0,22,2,0,0,0,0,2,0,0,0,0,0,0,0,0,0,5,0,0,0,0,0,0,0,0
"218",1,15,0,0,0,0,0,10,0,0,0,0,1,0,0,0,0,6,0,0,0,0,0,0,0,0
"219",1,13,0,0,0,0,0,1,0,0,0,0,0,0,0,0,0,3,0,0,0,0,0,0,0,0
"220",0,3,0,0,0,0,0,7,0,0,0,0,0,0,0,0,0,2,0,0,0,0,0,0,0,0
"221",0,4,0,1,0,0,0,10,0,0,0,0,0,0,0,0,0,0,0,0,0,0,0,0,0,0
"222",1,3,0,0,0,0,0,12,0,0,0,0,0,0,0,0,0,1,0,0,0,0,0,0,0,0
"223",4,11,0,0,0,0,0,16,0,0,0,0,0,0,0,2,0,7,0,0,1,0,0,0,0,0
"224",5,5,0,0,0,0,0,19,0,0,0,0,0,0,0,0,0,11,0,0,0,0,3,0,0,0
"300",0,16,0,0,0,0,0,7,0,0,0,0,0,0,0,1,0,2,0,0,0,0,0,0,0,0
"301",2,11,0,0,0,0,4,19,0,0,0,0,0,0,0,0,0,5,1,0,0,0,0,0,0,0
"302",4,7,0,0,0,0,3,6,0,0,0,0,0,0,0,0,0,3,0,0,1,0,0,0,0,0
"303",0,8,0,0,0,0,1,21,0,0,0,0,0,0,0,0,0,10,0,0,2,0,0,0,0,0
"304",0,12,0,0,0,0,0,8,0,0,0,0,0,0,0,0,1,5,0,0,0,0,0,0,0,0
"305",5,5,0,0,0,0,0,10,0,0,2,0,0,0,0,0,0,6,0,0,1,0,0,0,0,0
"306",0,3,0,0,0,0,5,18,0,0,0,0,0,0,0,0,0,11,0,0,0,0,0,0,0,0
"307",1,0,0,0,0,0,7,31,0,0,0,0,0,0,0,0,0,12,0,0,0,0,2,0,0,0
"308",2,5,0,0,0,0,5,16,0,0,0,0,0,0,0,0,0,6,0,0,2,0,2,0,0,0
"309",5,10,0,0,0,0,8,4,0,0,0,0,0,0,0,0,0,9,0,0,1,0,4,0,0,0
"310",3,5,0,0,0,0,0,15,0,5,0,0,0,0,0,0,0,0,0,0,1,6,30,0,0,0
"311",0,6,2,0,0,0,0,8,0,2,0,0,0,0,0,1,0,6,0,0,2,0,1,0,0,0
"312",1,13,1,1,0,0,0,0,0,0,0,0,0,0,0,0,0,5,1,0,1,0,6,0,0,0
"313",0,25,0,1,0,0,0,0,0,0,0,0,1,0,0,0,0,1,0,0,1,0,0,0,1,0
"314",0,13,0,0,0,0,0,0,0,0,0,0,0,0,0,0,0,2,0,0,0,0,0,0,0,1
"315",0,10,0,0,0,0,0,1,0,0,0,0,0,0,0,1,0,2,0,0,2,0,0,0,0,0
"316",0,13,0,1,0,0,1,2,0,0,0,0,0,0,0,0,0,4,0,0,0,0,0,0,0,0
"317",0,18,0,1,0,0,0,2,0,0,0,0,0,0,0,0,0,4,0,0,0,0,1,0,0,0
"318",0,11,0,0,0,0,0,1,0,0,0,0,0,0,0,0,0,7,0,0,0,0,0,0,0,0
"319",0,14,0,0,0,0,0,4,0,0,0,0,0,0,0,0,0,5,1,0,0,0,0,0,0,0
"320",0,17,0,0,0,0,0,7,0,0,0,0,0,2,0,0,0,5,0,0,0,0,0,0,0,0
"321",0,23,0,0,0,0,0,9,0,0,0,0,0,0,0,0,0,2,1,0,0,0,0,0,0,0
"322",0,19,0,0,0,0,0,14,0,0,0,0,0,0,0,0,0,8,0,0,0,0,0,0,0,0
"323",3,12,0,0,0,0,1,19,0,0,0,0,0,0,0,0,0,5,0,0,0,0,1,0,0,0
"324",6,7,0,0,0,0,1,24,0,0,0,0,0,0,0,0,0,9,0,0,0,0,0,0,0,0
"400",0,7,0,0,0,0,0,16,0,0,0,0,0,0,0,1,0,1,0,0,2,0,0,0,0,1
"401",1,9,0,0,0,0,0,20,0,0,0,0,1,0,0,0,0,0,0,0,1,0,0,0,0,0
"402",1,6,0,0,0,0,1,11,0,0,2,0,0,0,0,0,0,9,0,0,2,0,0,0,0,0
"403",0,12,0,0,0,0,0,4,0,0,0,0,0,0,0,0,0,5,0,0,1,0,0,0,0,0
"404",0,9,0,0,0,0,1,5,0,0,0,0,0,0,0,0,0,5,0,0,2,0,0,0,0,0
"405",0,9,0,0,0,0,1,2,0,0,0,0,0,0,0,0,0,9,0,0,0,0,0,0,0,0
"406",3,12,0,0,0,0,0,11,0,0,0,0,0,0,0,0,0,10,0,0,0,0,0,0,0,0
"407",0,9,0,0,0,0,2,22,0,0,0,0,0,0,0,1,0,8,0,0,0,0,0,0,0,0
"408",0,11,0,0,0,0,2,4,0,0,0,0,0,0,0,0,0,8,0,0,0,0,0,0,0,0
"409",0,11,0,0,0,0,0,0,0,0,0,0,0,0,0,2,0,2,0,0,1,0,2,0,0,0
"410",4,16,0,0,0,0,1,13,0,0,0,1,2,0,0,0,0,1,0,0,0,0,3,0,0,0
"411",2,13,0,0,0,0,0,22,0,0,0,0,0,0,0,0,0,3,0,0,0,0,1,0,0,0
"412",0,13,0,0,0,0,0,1,0,0,0,0,0,0,0,1,0,4,0,0,0,0,0,0,0,0
"413",0,19,0,0,0,0,0,2,0,0,0,0,0,0,0,0,0,3,0,0,0,0,0,0,0,0
"414",0,25,0,0,0,0,0,0,0,0,0,0,0,0,0,1,0,2,0,0,0,0,0,0,0,0
"415",1,20,1,0,0,0,0,2,2,0,0,0,0,0,0,1,0,0,1,0,0,0,0,0,0,0
"416",0,10,0,2,0,0,0,0,0,0,0,0,0,0,0,1,0,1,0,0,0,0,0,0,0,0
"417",0,13,0,0,0,0,0,0,0,0,0,0,0,0,0,0,0,5,1,0,0,0,0,0,0,0
"418",0,12,0,0,0,0,0,0,0,0,0,0,0,0,0,1,0,5,0,0,1,0,0,0,0,0
"419",0,18,0,1,0,0,0,0,0,0,0,0,1,0,0,0,0,2,0,0,0,0,0,0,0,0
"420",1,17,0,0,0,0,0,7,0,0,0,0,0,0,0,0,0,5,0,0,0,0,0,0,0,0
"421",0,17,0,0,0,0,0,6,0,0,0,0,0,0,0,0,0,5,0,0,0,0,0,0,0,0
"422",0,14,0,0,0,0,0,8,0,0,0,0,0,0,0,0,0,9,0,0,0,0,0,0,0,0
"423",4,8,0,0,0,0,1,20,0,0,0,0,0,0,0,0,0,5,0,0,0,0,0,0,0,0
"424",17,1,0,0,0,0,0,11,0,0,0,0,0,0,0,0,0,8,0,0,0,0,2,0,0,0
"500",1,6,0,0,0,0,0,25,0,0,0,0,0,0,0,0,0,1,0,0,0,0,0,0,0,0
"501",0,19,1,0,0,0,0,14,0,0,0,0,0,0,0,0,0,1,1,0,0,0,0,0,0,0
"502",0,16,0,0,0,0,0,16,0,0,0,0,0,0,0,0,0,1,0,0,0,0,0,0,0,0
"503",0,15,0,0,0,0,0,30,0,0,0,0,0,0,0,0,0,0,0,0,0,0,0,0,0,0
"504",3,13,0,0,0,0,0,12,0,0,0,0,0,0,0,1,0,6,0,0,0,0,0,0,0,0
"505",0,9,0,0,0,0,0,15,0,0,0,0,0,0,0,0,0,8,0,0,0,0,0,0,0,0
"506",0,11,0,0,0,0,0,8,0,0,0,0,0,0,0,0,0,4,0,0,0,0,0,0,0,0
"507",0,12,0,1,0,0,0,9,0,0,0,0,0,0,0,0,0,5,0,0,0,0,0,0,0,0
"508",0,9,0,0,0,0,0,5,0,0,0,0,0,0,0,0,0,6,0,0,1,0,0,0,0,0
"509",0,18,0,0,0,0,0,18,0,0,0,0,0,0,0,0,0,4,0,0,0,0,0,0,0,0
"510",0,17,0,0,0,0,0,4,0,0,0,0,0,0,0,0,0,3,0,0,0,0,0,0,0,0
"511",0,20,0,0,0,0,0,7,0,0,0,0,1,0,0,1,0,1,0,0,0,0,0,0,0,1
"512",0,15,0,0,0,0,0,3,0,0,0,0,0,0,0,0,0,5,0,0,1,0,0,0,0,0
"513",0,17,0,0,0,0,0,1,0,0,0,0,0,0,0,0,0,1,0,0,1,0,0,0,0,0
"514",0,16,0,0,0,0,0,3,0,0,0,0,0,0,0,0,0,0,0,0,0,0,0,0,0,0
"515",0,14,0,0,0,0,0,2,0,0,0,0,1,0,0,0,0,0,0,0,0,0,0,1,0,0
"516",0,27,0,0,0,0,0,0,0,0,0,0,0,0,0,1,0,2,0,0,0,0,0,0,0,0
"517",0,20,0,0,0,0,0,0,0,0,0,0,0,0,0,0,0,3,1,0,0,0,0,0,0,0
"518",0,16,0,0,0,0,0,0,0,0,0,0,0,0,0,0,0,3,2,0,0,0,0,0,0,1
"519",0,14,0,0,0,0,0,0,0,0,2,0,0,0,0,0,0,5,0,0,0,0,0,0,0,0
"520",0,14,0,0,0,0,0,0,0,0,0,0,0,0,0,0,0,6,0,0,0,0,0,0,0,0
"521",0,24,0,0,0,0,1,3,0,0,0,0,0,0,0,0,0,10,0,0,0,0,1,0,0,0
"522",4,8,0,0,0,0,0,6,0,0,0,0,0,0,0,0,0,8,0,0,0,0,2,0,0,0
"523",7,8,0,0,0,0,3,11,0,0,0,0,0,0,0,0,0,14,0,0,0,0,0,0,0,0
"524",14,10,0,0,0,0,2,10,0,0,0,0,0,0,0,0,0,11,0,0,0,0,1,0,0,0
"600",1,11,0,0,0,0,0,18,1,0,0,0,0,0,0,0,1,1,0,0,1,0,0,0,0,0
"601",2,8,0,0,0,0,1,2,0,0,0,0,0,0,0,0,0,3,0,0,2,0,0,0,0,0
"602",7,16,0,0,0,0,0,5,0,0,0,0,0,0,0,0,0,2,0,0,2,0,0,0,0,0
"603",2,11,0,0,0,0,0,21,0,0,0,0,0,0,0,0,0,4,0,0,0,0,0,1,0,0
"604",0,16,0,0,0,0,0,18,0,0,0,0,0,0,0,0,0,2,0,0,0,0,0,0,0,0
"605",1,16,0,0,0,0,0,9,0,0,0,0,0,0,0,0,0,1,0,0,0,0,0,0,0,0
"606",0,11,0,0,0,0,0,13,1,0,0,0,0,0,0,0,0,5,0,0,0,0,0,0,0,0
"607",0,11,0,0,0,0,0,3,0,0,0,0,0,0,0,0,0,5,0,0,0,0,0,0,0,0
"608",1,11,0,0,0,0,0,0,0,0,0,0,0,0,0,0,1,2,0,0,1,0,0,0,0,0
"609",0,7,0,1,0,0,0,1,1,0,0,0,0,0,0,0,0,0,0,0,0,0,0,0,0,0
"610",0,12,0,0,0,0,0,4,0,0,0,0,0,0,0,0,0,0,0,0,0,0,0,0,0,1
"611",0,18,0,0,0,0,0,5,0,0,0,0,0,0,0,0,0,0,0,0,0,0,1,0,0,1
"612",0,14,0,0,0,0,1,2,0,1,0,0,0,0,0,0,0,5,0,0,0,0,0,0,0,0
"613",0,13,0,1,0,0,0,0,0,0,0,0,0,0,0,0,0,4,0,0,1,0,0,0,0,1
"614",0,12,0,0,0,0,0,2,1,4,0,0,1,0,0,0,0,0,0,0,0,0,0,1,6,11
"615",0,13,0,0,0,0,0,1,1,0,0,0,1,0,0,0,0,0,0,0,0,0,0,0,0,3
"616",0,13,0,0,0,0,0,0,0,0,0,0,2,0,0,1,0,2,0,0,0,0,0,0,0,0
"617",0,14,0,0,0,0,0,0,0,0,0,0,0,0,0,0,0,6,0,0,0,0,0,0,0,0
"618",0,25,0,1,0,0,0,0,1,0,0,0,0,0,0,0,0,1,1,0,0,0,0,1,0,0
"619",0,14,0,1,0,0,0,0,0,0,0,0,0,0,0,1,0,2,2,0,0,0,0,0,0,0
"620",0,15,0,0,0,0,0,1,1,0,0,0,0,0,0,1,0,5,1,0,0,0,0,0,0,0
"621",0,13,1,0,0,0,0,0,0,0,0,0,0,0,0,0,0,1,1,0,0,0,0,0,0,2
"622",3,23,0,0,0,0,0,0,0,0,0,0,0,0,0,1,0,2,0,0,2,0,0,0,0,0
"623",6,11,0,0,0,0,1,4,1,0,0,0,0,0,0,0,0,7,0,0,0,0,2,0,0,0
"624",8,3,0,0,0,0,0,3,0,0,0,0,0,0,0,0,1,12,0,0,2,0,1,0,0,0
"700",0,0,0,0,0,0,0,33,0,0,0,0,0,0,0,0,0,1,0,0,1,0,0,0,0,0
"701",4,11,0,0,0,0,0,15,0,0,0,0,0,0,0,1,0,4,0,0,0,0,0,0,0,0
"702",6,11,0,0,0,0,0,4,0,0,0,0,0,0,0,0,1,6,0,0,3,0,1,0,0,0
"703",4,11,0,0,0,0,0,17,0,0,0,0,0,0,0,0,0,8,0,0,1,0,0,0,0,0
"704",2,21,0,0,0,0,0,13,0,0,0,0,0,0,0,0,0,1,0,0,0,0,0,0,0,0
"705",1,17,0,0,0,0,0,4,0,0,0,0,0,0,0,0,0,4,0,0,0,0,0,0,0,0
"706",0,13,0,0,0,0,0,11,0,0,3,0,0,0,0,1,0,6,0,0,0,0,0,0,0,0
"707",0,12,0,1,0,0,0,4,0,0,0,0,0,0,0,2,0,1,1,0,0,0,0,0,0,0
"708",0,9,0,1,0,0,0,6,0,0,0,0,0,0,0,2,0,4,1,0,0,0,0,0,0,0
"709",0,14,0,0,0,0,0,3,1,0,0,0,0,0,0,1,0,1,0,0,0,0,0,0,0,0
"710",0,17,0,0,0,0,0,6,0,0,0,0,0,0,0,0,0,2,1,0,0,0,0,0,0,0
"711",0,12,0,0,0,0,0,6,0,0,0,0,0,0,0,0,0,3,0,0,0,0,0,0,0,2
"712",0,15,0,0,0,0,0,2,0,0,0,0,0,0,0,0,0,4,2,0,0,0,0,0,0,1
"713",0,13,0,0,0,0,0,3,0,1,0,0,1,0,0,0,0,0,1,0,0,0,0,0,0,3
"714",0,8,0,0,0,0,0,5,1,12,0,0,0,0,0,0,0,0,0,0,0,0,0,0,0,1
"715",0,4,0,0,0,0,0,3,2,0,0,0,0,0,0,0,0,0,0,0,0,0,0,0,0,4
"716",0,11,0,0,0,0,0,1,0,2,0,0,0,0,0,1,0,0,0,0,0,0,0,0,0,0
"717",0,15,0,0,0,0,0,0,0,0,0,0,0,0,0,0,0,1,1,0,0,0,0,0,0,0
"718",0,22,0,0,0,0,0,0,0,0,0,0,0,0,0,0,0,1,2,0,0,0,0,0,0,1
"719",0,17,0,0,0,0,0,0,0,0,0,0,0,0,0,0,0,2,0,0,0,0,0,0,0,11
"720",0,16,0,0,0,0,0,0,0,0,0,0,0,0,0,0,0,1,3,0,0,0,0,0,0,5
"721",0,23,0,0,0,0,0,0,0,0,0,0,0,0,0,0,0,1,3,0,0,0,0,0,0,0
"722",0,22,0,0,0,0,0,0,0,0,0,0,0,0,0,2,0,0,0,0,0,0,0,0,0,0
"723",4,24,0,0,0,0,0,5,0,0,0,0,0,0,0,0,0,10,0,0,0,0,1,0,0,0
"724",11,17,0,0,0,0,0,1,1,0,0,0,0,0,0,0,0,7,1,0,1,0,2,0,0,0
"800",5,5,0,0,0,0,1,20,0,0,0,0,0,0,0,0,0,0,1,0,1,0,0,0,0,0
"801",3,4,0,0,0,0,0,24,2,0,0,0,0,0,0,1,0,1,2,0,0,0,0,0,0,0
"802",4,4,0,0,0,0,0,8,0,0,0,0,0,0,0,0,0,7,0,0,3,0,3,0,0,0
"803",7,6,0,0,0,0,0,12,0,0,0,0,0,0,0,0,0,10,0,0,4,0,2,0,0,0
"804",7,5,0,0,0,0,1,20,0,0,0,0,0,0,0,1,0,5,1,0,1,0,3,0,0,0
"805",0,32,0,0,0,0,0,15,0,0,0,0,0,0,0,0,0,6,1,0,0,0,2,0,0,0
"806",0,25,0,0,0,0,0,14,1,0,4,0,0,0,0,0,0,6,0,0,0,0,0,0,0,0
"807",0,16,0,0,0,0,0,13,0,0,0,0,0,0,0,1,0,0,1,0,0,0,0,0,0,0
"808",0,8,0,0,0,0,0,5,0,0,0,0,0,0,0,0,0,4,1,0,0,0,0,0,0,0
"809",0,12,0,1,0,0,0,1,0,0,0,0,0,0,0,0,0,1,1,0,0,0,0,0,0,0
"810",0,12,0,0,0,0,0,0,0,0,0,0,0,0,0,0,0,10,0,0,0,0,0,0,0,0
"811",0,18,0,1,0,0,0,6,0,0,1,0,0,0,0,0,0,3,0,0,0,0,0,0,0,1
"812",0,19,0,0,0,0,0,2,0,4,1,0,0,0,0,0,0,0,0,0,0,0,0,0,0,0
"813",0,15,0,0,0,0,0,3,0,2,0,0,1,0,0,0,0,0,1,0,0,0,0,0,0,1
"814",0,10,0,0,1,0,0,8,0,0,0,0,1,0,0,0,0,0,0,0,0,0,0,0,0,4
"815",0,9,0,0,0,0,0,2,1,0,0,0,0,0,0,1,0,0,1,0,0,0,0,0,0,2
"816",0,10,0,0,0,0,0,7,3,0,0,0,0,0,0,0,0,3,0,0,0,0,0,0,0,3
"817",0,17,0,0,0,0,0,2,0,0,0,0,0,0,0,0,0,3,1,0,0,0,0,0,0,0
"818",0,18,0,1,0,0,0,1,0,0,0,0,0,0,0,1,0,1,0,0,0,0,0,0,0,0
"819",0,16,0,0,0,0,0,0,1,0,0,0,0,0,0,0,0,0,0,0,0,0,0,0,0,2
"820",0,18,0,0,0,0,1,0,0,0,0,0,0,0,0,0,0,0,1,0,0,0,0,0,0,2
"821",0,14,0,0,0,0,0,0,0,0,0,0,0,0,0,1,0,0,0,0,0,0,0,0,0,3
"822",0,15,0,0,0,0,1,0,0,0,0,0,0,0,0,1,0,0,0,0,0,0,0,0,0,2
"823",0,11,0,0,0,0,0,2,0,0,0,0,0,0,0,1,0,2,3,0,0,0,0,0,0,0
"824",0,10,0,0,0,0,0,1,0,0,0,0,0,0,0,0,0,5,0,0,1,0,0,0,0,0
"900",3,12,0,0,0,0,0,12,0,0,0,0,0,0,0,0,0,6,0,0,1,0,0,0,0,0
"901",0,14,0,0,0,0,0,23,2,0,0,0,0,0,0,0,0,1,0,0,0,0,0,0,0,0
"902",5,2,0,0,0,0,0,13,0,0,0,0,0,0,0,0,0,4,0,0,2,0,0,0,0,0
"903",5,5,0,0,0,0,0,21,0,0,0,0,0,0,0,0,0,8,1,0,1,0,3,0,0,0
"904",5,5,0,0,0,0,1,26,0,0,0,0,0,0,0,0,2,4,1,0,0,0,0,0,0,0
"905",3,9,0,0,0,0,1,36,0,0,0,0,0,0,0,1,0,6,0,0,1,0,1,0,0,0
"906",3,12,0,0,0,0,1,21,0,0,0,0,0,0,0,0,0,5,0,0,1,0,0,0,0,0
"907",0,16,0,0,0,0,0,11,0,0,0,0,0,0,0,0,0,4,0,0,0,0,0,0,0,0
"908",0,14,0,0,0,0,0,8,0,0,0,0,0,0,0,0,0,5,0,0,0,0,0,0,0,0
"909",2,9,0,0,0,0,1,8,0,0,0,0,0,0,0,1,0,4,0,0,0,0,0,0,0,0
"910",1,19,0,0,0,0,0,4,0,2,0,0,0,0,1,0,0,6,0,0,0,0,0,0,0,0
"911",0,28,0,0,0,0,1,11,0,0,0,0,0,0,0,0,0,5,0,0,0,0,0,0,0,1
"912",0,9,0,0,0,0,0,4,0,1,0,0,0,0,0,0,0,3,0,0,0,0,0,4,0,0
"913",0,23,0,0,0,0,2,7,0,0,0,0,2,0,0,0,0,0,2,0,1,0,0,0,0,2
"914",0,16,0,0,0,0,0,8,0,0,0,0,0,0,0,0,0,0,1,0,0,0,0,0,0,2
"915",0,14,0,0,0,0,0,4,1,0,0,0,1,0,0,0,0,0,0,0,0,0,0,0,0,0
"916",0,20,0,0,0,0,0,5,5,0,0,0,0,0,0,0,0,2,1,0,0,0,0,0,0,2
"917",0,17,0,0,0,0,0,1,0,0,0,0,0,0,0,0,0,4,0,0,1,0,0,0,0,0
"918",0,17,0,0,0,0,0,2,0,0,0,0,0,0,0,0,0,2,0,0,0,0,0,0,0,0
"919",0,6,3,0,0,0,0,1,0,0,0,0,0,0,0,0,0,0,0,0,0,0,0,1,0,1
"920",0,10,0,0,0,0,0,0,1,0,0,0,2,0,0,0,0,0,0,0,0,0,0,0,0,0
"921",0,8,0,0,0,0,0,0,0,0,0,0,4,0,0,0,0,0,0,0,0,0,0,0,0,0
"922",0,4,0,0,0,0,0,1,0,0,0,0,0,0,0,0,0,0,0,0,0,0,0,0,0,3
"923",0,10,0,0,0,0,0,1,0,0,0,0,0,0,0,0,0,0,0,0,0,0,0,0,0,1
"924",0,13,0,1,0,0,0,0,0,0,0,0,0,0,0,0,0,0,0,0,0,0,0,0,0,0
"1000",2,4,0,0,0,0,1,20,0,0,0,0,0,0,0,0,0,1,0,0,0,0,0,0,0,0
"1001",4,7,0,0,0,0,0,12,1,0,0,0,0,0,0,0,0,2,0,0,3,0,0,0,0,0
"1002",0,8,0,0,0,0,0,16,0,0,0,0,0,0,0,0,0,6,0,0,0,0,5,0,0,0
"1003",6,5,0,0,0,0,0,15,0,0,0,0,0,0,0,0,0,5,0,0,4,0,1,0,0,0
"1004",13,0,0,0,0,0,2,15,0,0,0,0,0,0,0,0,0,8,0,0,4,0,1,0,0,0
"1005",6,3,0,0,0,0,0,14,0,0,0,0,0,0,0,0,0,7,0,0,3,0,0,0,0,0
"1006",5,4,0,0,0,0,3,30,0,0,0,0,0,0,0,1,0,9,0,0,1,0,1,0,0,0
"1007",1,17,0,0,0,0,2,19,0,0,0,0,0,0,0,1,0,6,0,0,0,0,0,0,0,0
"1008",3,25,0,0,0,0,0,23,1,0,0,0,0,0,0,0,0,10,0,0,0,0,0,0,0,0
"1009",6,22,0,0,0,0,0,14,3,0,0,0,0,0,3,0,0,4,0,0,3,0,2,0,0,0
"1010",1,16,0,0,0,0,0,27,0,3,0,0,0,0,2,0,0,0,0,0,0,0,4,0,0,0
"1011",0,26,0,0,0,0,0,19,0,1,0,0,0,0,0,0,0,0,2,0,1,0,0,0,0,0
"1012",0,10,0,0,0,0,0,7,1,0,0,0,0,0,0,0,0,0,1,0,0,0,0,0,0,0
"1013",0,21,0,0,0,0,0,8,0,0,0,0,1,0,0,0,0,0,0,0,0,0,0,2,0,0
"1014",0,13,0,0,0,0,0,4,0,0,0,0,1,0,0,1,0,0,0,0,0,0,0,0,0,2
"1015",0,11,0,0,0,0,0,7,2,0,0,0,0,0,0,0,0,0,0,0,0,0,0,0,0,2
"1016",0,17,0,3,0,0,0,3,0,0,0,0,0,0,0,1,0,1,1,0,0,0,0,0,0,0
"1017",0,15,1,0,0,0,0,5,0,0,0,0,0,0,0,1,0,3,0,0,1,0,0,0,0,0
"1018",0,14,0,0,0,0,0,4,1,0,0,0,0,0,0,5,0,0,3,0,0,0,0,1,0,0
"1019",0,10,0,0,0,0,0,2,1,0,0,0,3,0,0,0,0,0,0,0,0,0,0,0,0,0
"1020",0,10,1,0,0,0,0,0,1,0,0,0,1,0,0,0,0,0,0,0,0,0,0,0,0,0
"1021",0,7,0,0,0,0,0,1,0,0,0,0,0,0,0,1,0,0,0,0,0,0,1,0,0,1
"1022",0,11,0,0,0,0,0,0,1,0,0,0,0,0,0,0,0,0,0,0,0,0,0,0,0,1
"1023",0,14,0,0,0,0,0,2,0,0,0,0,0,0,0,0,0,1,0,0,0,0,0,0,0,1
"1024",0,20,0,1,0,0,0,3,0,0,0,0,0,0,0,0,0,4,2,0,0,0,0,0,0,0
"1100",8,6,0,0,0,0,0,2,0,0,0,0,0,0,0,0,0,1,0,0,1,0,0,0,0,0
"1101",5,8,0,0,0,0,0,18,0,0,0,0,0,0,0,0,0,3,0,0,2,0,0,0,0,0
"1102",1,6,0,0,0,0,0,22,0,0,0,0,0,0,0,0,0,4,1,0,1,0,0,0,0,0
"1103",0,8,0,0,0,0,0,12,0,0,0,0,0,0,0,0,0,6,0,0,1,0,2,0,0,0
"1104",2,3,0,0,0,0,3,26,0,0,0,0,0,0,0,1,0,8,0,0,0,0,0,0,0,0
"1105",7,4,0,0,0,0,2,31,0,0,0,0,0,0,0,1,0,8,0,0,1,0,0,0,0,0
"1106",2,9,0,0,0,0,2,21,0,0,0,0,0,0,0,0,0,9,0,0,2,0,0,0,0,0
"1107",6,14,0,0,0,0,0,15,3,0,0,0,0,0,0,0,0,8,0,0,1,0,1,0,0,0
"1108",3,26,0,0,0,0,0,14,0,0,0,0,0,0,0,0,0,8,0,0,0,0,0,0,0,0
"1109",3,28,0,0,0,0,0,29,1,0,0,0,0,0,0,0,0,6,0,0,2,0,0,0,1,0
"1110",0,45,0,0,0,0,0,17,0,0,0,0,0,0,0,0,0,2,0,0,0,0,0,0,0,0
"1111",0,29,0,0,0,0,0,32,0,0,0,0,0,0,0,0,0,3,0,0,0,0,0,0,0,0
"1112",0,25,0,1,0,0,0,3,1,2,0,0,0,0,0,0,0,1,2,0,0,0,0,0,0,0
"1113",0,12,1,0,0,0,0,6,0,1,0,0,0,0,0,0,0,0,1,0,0,0,0,0,1,1
"1114",0,15,0,0,1,0,0,8,0,0,0,0,0,0,0,0,0,1,2,0,0,0,0,1,0,0
"1115",0,16,0,0,0,0,0,2,0,0,0,0,0,0,0,0,0,1,1,0,0,0,0,0,0,0
"1116",0,13,0,0,0,0,0,8,0,0,0,0,0,0,0,0,0,4,0,0,1,0,0,0,0,0
"1117",0,10,0,1,0,0,0,11,0,0,0,0,0,0,0,1,0,4,0,0,0,0,0,0,0,0
"1118",3,22,0,0,0,0,0,10,0,0,0,0,0,0,0,1,0,3,1,0,0,0,0,0,0,0
"1119",0,9,0,0,1,0,0,3,0,0,0,0,0,0,0,0,0,0,0,0,0,0,0,0,0,8
"1120",0,8,0,0,0,0,0,1,0,0,0,0,0,0,0,0,0,0,0,0,0,0,0,0,0,0
"1121",0,6,0,0,0,0,0,0,0,0,0,0,0,0,0,0,0,0,1,0,0,0,0,0,0,1
"1122",0,10,0,1,0,0,0,0,1,0,0,0,0,0,0,0,0,0,1,0,0,0,2,0,0,2
"1123",0,18,0,0,0,0,0,5,0,0,0,0,0,0,0,0,0,0,0,0,0,0,0,0,0,0
"1124",0,10,0,0,0,0,0,9,1,0,0,0,0,0,0,0,0,1,0,0,0,0,0,0,0,1
"1200",2,13,0,0,0,0,0,3,0,0,0,0,0,0,0,0,0,4,0,0,1,0,0,0,0,0
"1201",2,11,0,0,0,0,0,10,0,0,0,0,0,0,0,0,0,6,0,0,1,0,0,0,0,0
"1202",3,15,0,0,0,0,0,13,0,0,0,0,0,0,0,0,0,7,0,0,3,0,0,0,0,0
"1203",1,8,0,0,0,0,0,11,0,0,0,0,0,0,0,0,0,5,0,0,1,0,1,0,0,0
"1204",4,5,0,0,0,0,0,18,3,0,0,0,0,0,0,0,0,5,0,0,2,0,0,0,0,0
"1205",0,6,0,0,0,0,0,14,1,0,0,0,0,0,0,0,0,3,0,0,2,0,1,0,0,0
"1206",5,4,0,0,0,0,0,25,8,0,0,0,0,0,0,2,0,4,0,0,1,0,1,0,0,0
"1207",4,11,0,0,0,0,1,23,4,0,0,0,0,0,0,1,0,2,0,0,3,0,1,0,1,0
"1208",1,28,0,0,0,0,0,25,0,0,0,0,0,0,0,0,0,9,0,0,1,0,0,0,0,0
"1209",1,34,0,0,0,0,0,14,0,0,0,0,0,0,0,0,0,1,2,0,0,0,0,0,0,0
"1210",0,25,0,1,0,0,1,17,1,0,0,0,0,0,0,0,0,1,1,0,0,0,0,0,2,0
"1211",0,26,0,0,0,0,0,20,0,0,0,0,0,0,0,0,0,0,1,0,0,0,0,1,0,1
"1212",0,15,0,0,0,0,0,15,0,0,0,0,0,0,0,0,0,0,0,0,0,0,0,1,0,1
"1213",0,23,0,0,0,0,0,4,0,2,0,0,0,0,0,0,0,0,0,0,0,0,0,1,0,8
"1214",0,15,0,0,0,0,0,13,0,0,0,0,0,0,0,1,0,0,1,0,0,0,0,0,0,0
"1215",0,23,0,0,0,0,0,4,1,0,0,0,0,0,0,0,0,1,0,0,0,0,0,0,0,1
"1216",1,17,0,1,0,0,0,13,0,0,0,0,0,0,0,1,0,5,0,0,1,0,0,0,0,0
"1217",1,19,0,2,0,0,2,11,0,0,0,0,0,0,0,0,0,8,0,0,0,0,1,0,0,0
"1218",1,16,0,0,0,0,2,19,0,0,0,0,0,0,0,1,0,2,0,0,0,0,1,0,0,0
"1219",0,22,0,0,0,0,0,2,0,0,0,0,0,0,0,0,0,0,0,0,0,0,0,0,0,0
"1220",1,16,0,0,0,0,0,3,1,0,0,0,0,0,0,0,0,0,0,0,0,0,0,0,0,0
"1221",0,13,0,0,0,0,1,5,0,0,0,0,1,0,0,0,0,0,0,0,0,0,0,1,0,3
"1222",0,20,0,0,0,0,0,3,1,0,0,0,0,0,0,0,0,1,1,0,1,0,0,0,1,0
"1223",0,14,0,1,0,0,0,6,0,0,0,0,0,0,0,1,0,1,2,0,0,0,0,0,0,0
"1224",0,15,0,0,0,0,0,6,0,0,0,0,0,0,0,1,0,0,1,0,1,0,0,0,0,0
"1300",2,13,0,0,0,0,2,11,1,0,0,0,0,0,0,0,0,6,1,0,3,0,0,0,0,0
"1301",1,14,0,0,0,0,1,3,0,0,0,0,0,0,0,3,0,5,0,0,0,0,0,0,0,0
"1302",0,27,0,0,0,0,0,8,0,0,0,0,0,0,0,0,0,5,0,0,1,0,0,0,0,0
"1303",0,27,0,0,0,0,0,5,4,0,0,0,0,0,0,0,0,4,0,0,1,0,0,0,0,0
"1304",0,19,0,0,0,0,0,12,0,0,0,0,0,0,0,0,0,4,1,0,0,0,0,0,0,0
"1305",0,15,0,0,0,0,0,2,0,0,0,0,0,0,0,0,0,2,0,0,1,0,1,0,0,0
"1306",0,9,0,0,0,0,0,10,3,0,0,0,0,0,0,0,0,2,0,0,1,0,5,0,0,0
"1307",0,20,0,0,0,0,0,9,0,0,0,0,0,0,0,0,0,1,0,0,1,0,0,0,0,0
"1308",0,21,0,0,0,0,1,14,2,0,2,0,0,0,0,0,0,0,1,0,0,0,0,0,0,0
"1309",0,27,0,0,0,0,0,7,1,0,0,0,0,0,0,0,0,0,1,0,0,0,0,0,0,0
"1310",0,21,0,0,0,0,1,23,0,0,0,0,0,0,0,0,0,0,1,0,0,0,0,0,0,2
"1311",0,21,0,0,0,0,0,21,0,0,0,0,0,0,0,0,0,0,0,0,0,0,0,1,0,0
"1312",0,13,0,0,0,0,0,8,0,0,0,0,2,0,0,0,0,0,0,0,0,0,0,0,0,3
"1313",0,3,0,0,0,0,0,12,0,0,0,0,0,0,0,0,0,0,0,0,0,0,0,0,0,0
"1314",0,19,0,0,0,0,0,9,0,0,0,0,0,0,0,1,0,0,1,0,0,0,0,0,0,0
"1315",0,21,0,0,0,0,0,6,1,0,0,0,0,0,0,1,0,2,0,0,0,0,0,1,0,0
"1316",0,18,0,2,0,0,2,18,0,0,0,0,0,0,0,0,0,10,0,0,1,0,0,0,0,0
"1317",3,13,0,4,0,0,1,33,0,0,0,0,0,0,0,0,0,6,0,0,0,0,1,0,0,0
"1318",0,21,1,0,0,0,0,18,0,0,0,0,0,0,0,1,0,5,1,0,0,0,0,0,0,0
"1319",0,15,0,0,0,0,1,7,1,0,0,0,0,0,0,1,0,0,0,0,0,0,0,1,1,1
"1320",0,20,0,0,0,0,0,6,0,0,0,0,0,0,0,0,0,0,0,0,0,0,0,1,0,1
"1321",0,7,0,0,0,0,0,9,1,0,0,0,0,0,0,0,0,0,0,0,2,0,0,0,0,2
"1322",0,20,0,1,0,0,0,8,1,0,0,0,0,0,0,1,0,0,1,0,0,0,0,0,1,1
"1323",0,26,0,0,0,0,0,4,0,0,0,0,2,0,0,0,0,0,1,0,0,0,0,0,0,4
"1324",0,23,0,0,0,0,0,4,1,0,0,0,0,0,0,0,0,0,1,0,0,0,0,0,0,0
"1400",0,17,0,0,0,0,1,7,1,0,0,0,0,0,0,0,0,4,0,0,2,0,1,0,0,0
"1401",1,22,0,0,0,0,0,3,0,0,0,0,0,0,0,0,0,2,1,0,1,0,0,0,0,0
"1402",0,29,0,0,0,0,0,7,0,0,0,0,0,0,0,0,0,0,0,0,0,0,0,0,0,0
"1403",0,30,0,0,0,0,0,0,0,0,0,0,0,0,0,1,0,1,1,0,1,0,0,0,0,0
"1404",0,21,0,0,0,0,0,6,0,0,0,0,0,0,0,0,0,2,1,0,1,0,0,0,0,0
"1405",0,22,0,0,0,0,0,6,0,0,0,0,0,0,0,1,0,2,0,0,0,0,0,1,0,1
"1406",0,33,0,0,0,0,0,10,0,0,0,0,0,0,0,0,0,3,0,0,0,0,0,2,0,0
"1407",0,23,0,1,0,0,0,16,0,0,0,0,0,0,0,0,0,3,0,0,0,0,1,0,0,0
"1408",1,16,0,0,0,0,0,18,0,0,0,0,0,0,0,0,0,1,1,0,0,0,0,0,0,0
"1409",0,19,0,0,0,0,0,14,0,0,0,0,0,0,0,0,0,0,1,0,0,0,0,0,0,0
"1410",0,27,0,0,0,0,0,8,0,0,0,0,0,0,0,0,0,0,1,0,0,0,0,0,0,0
"1411",0,14,0,0,0,0,0,31,1,0,0,0,0,0,0,0,0,0,0,0,0,0,0,1,0,1
"1412",0,8,0,0,0,0,0,12,0,0,3,0,0,0,0,0,0,0,0,0,0,0,0,0,0,1
"1413",0,15,1,0,0,0,0,19,2,8,0,0,0,0,0,1,0,0,1,0,0,0,0,0,0,0
"1414",0,24,0,0,0,0,0,21,1,0,0,0,0,0,0,0,0,5,0,0,0,0,0,0,0,0
"1415",0,19,1,0,0,0,0,32,0,0,0,0,0,0,0,1,0,1,1,0,0,0,0,0,0,0
"1416",4,19,0,1,0,0,1,42,0,0,0,0,0,0,0,0,0,9,0,0,1,0,0,0,0,0
"1417",3,13,0,0,0,0,0,25,1,0,0,0,0,0,0,0,0,5,0,0,2,0,0,0,0,0
"1418",1,16,0,0,0,0,0,5,0,0,0,0,0,0,0,1,0,5,0,0,0,0,0,1,0,0
"1419",0,21,0,0,0,0,0,14,0,0,0,0,0,0,0,0,0,3,1,0,0,0,1,0,0,5
"1420",0,11,0,0,0,0,0,11,0,1,0,0,0,0,0,0,0,0,0,0,0,0,0,0,0,2
"1421",1,11,0,0,0,0,0,7,0,0,0,0,0,0,0,0,0,0,1,0,0,0,0,0,0,0
"1422",0,13,0,0,0,0,0,20,0,1,0,0,0,0,0,0,0,0,0,0,0,0,0,0,0,0
"1423",0,24,0,0,0,0,0,10,2,2,1,0,1,0,0,1,0,0,0,0,0,0,0,0,0,3
"1424",1,12,0,0,0,0,1,8,2,0,1,0,1,0,0,1,0,1,0,0,0,0,0,0,0,0
"1500",1,21,0,0,0,0,0,3,0,0,0,0,0,0,0,0,0,9,1,0,1,0,0,0,0,0
"1501",0,44,0,0,0,0,0,9,0,0,0,0,0,0,0,0,0,3,1,0,0,0,0,0,0,0
"1502",0,12,0,1,0,0,0,2,0,0,0,0,0,0,0,1,0,3,0,0,0,0,0,0,0,0
"1503",0,11,0,0,0,0,0,1,0,0,0,0,0,0,0,0,0,1,1,0,0,0,0,0,0,0
"1504",0,20,0,0,0,0,0,7,0,0,0,0,0,0,0,0,0,0,0,0,0,0,0,0,0,1
"1505",0,15,0,0,0,0,0,7,0,0,0,0,0,0,0,0,0,1,1,0,0,0,0,0,0,1
"1506",0,24,0,0,0,0,0,9,0,0,0,0,0,0,0,0,0,4,0,0,0,0,0,0,0,0
"1507",0,13,0,1,0,0,0,16,1,0,0,0,0,0,0,0,0,1,0,0,0,0,0,0,0,0
"1508",0,12,0,0,0,0,0,17,0,0,0,0,0,0,0,0,0,0,2,0,0,0,0,0,0,0
"1509",0,19,0,0,0,0,0,10,0,0,0,0,0,0,0,0,0,0,1,0,0,0,0,0,0,0
"1510",0,19,0,0,0,0,0,22,1,0,0,0,1,0,0,0,0,0,1,0,0,0,0,0,0,0
"1511",0,9,0,0,0,0,0,11,0,0,0,0,1,0,0,0,0,0,0,0,0,0,0,0,1,2
"1512",0,16,0,0,0,0,0,10,0,0,8,0,0,0,0,0,0,0,0,0,0,0,0,1,0,0
"1513",0,20,0,0,0,0,0,25,1,0,0,0,0,0,0,0,0,2,0,0,0,0,0,0,0,0
"1514",1,21,0,0,0,0,0,33,0,0,0,0,0,0,0,0,0,8,1,0,0,0,0,0,0,0
"1515",0,19,0,0,0,0,0,39,0,0,0,0,0,0,0,0,0,6,0,0,0,0,0,0,0,0
"1516",8,13,0,0,0,0,0,35,3,0,0,0,0,0,0,0,0,5,0,0,0,0,2,0,0,0
"1517",1,16,0,0,0,0,0,11,0,0,0,0,0,0,0,2,0,0,0,0,2,0,0,0,0,0
"1518",0,18,0,1,0,0,0,10,0,0,0,0,0,0,0,0,0,2,1,0,0,0,0,0,0,0
"1519",0,19,0,0,0,0,0,15,0,0,0,0,0,0,0,0,0,0,1,0,0,0,0,0,0,0
"1520",0,21,0,0,0,0,0,15,0,0,0,0,0,0,0,2,0,0,1,0,0,0,0,0,0,1
"1521",2,26,0,0,0,0,0,14,0,0,0,0,0,0,0,3,0,1,1,0,0,0,0,0,0,0
"1522",3,11,0,0,0,0,0,14,0,0,0,0,0,0,0,3,0,2,0,0,0,0,0,0,0,0
"1523",3,15,0,1,0,0,0,5,0,0,0,0,0,0,0,1,0,6,0,0,3,0,1,0,0,0
"1524",7,11,0,0,0,0,0,15,0,0,0,0,0,0,0,1,0,3,0,0,2,0,1,0,0,0
"1600",0,21,0,0,0,0,0,3,0,0,0,0,0,0,0,0,0,9,0,0,0,0,1,0,0,0
"1601",0,32,0,0,0,0,0,6,0,0,0,0,0,0,0,0,0,3,0,0,0,0,0,0,0,0
"1602",0,12,0,0,0,0,0,4,0,0,0,0,0,0,0,0,0,0,0,0,0,0,0,0,0,1
"1603",0,8,0,0,0,0,0,2,0,0,0,0,0,0,0,0,0,0,0,0,0,0,0,1,0,0
"1604",0,11,0,0,0,0,0,0,0,0,0,0,1,0,0,0,0,0,0,0,0,0,0,0,1,0
"1605",0,17,0,0,0,0,0,7,0,0,0,0,0,0,0,0,0,0,0,0,0,0,0,0,0,0
"1606",0,14,0,0,0,0,0,9,1,0,0,0,0,0,0,1,0,1,0,0,0,0,0,0,0,0
"1607",0,10,0,1,0,0,0,6,0,0,0,0,3,0,0,0,0,1,1,0,0,0,0,0,0,0
"1608",0,9,0,1,0,0,0,4,0,0,0,0,0,0,0,0,0,1,0,0,1,0,0,2,0,0
"1609",0,16,0,0,0,0,0,5,1,0,0,0,0,0,0,0,0,0,1,0,0,0,0,1,0,1
"1610",0,19,0,0,0,0,0,7,0,0,0,0,0,0,0,0,0,0,1,0,0,0,0,0,0,1
"1611",0,5,0,0,0,0,0,7,0,0,2,0,0,0,0,0,0,0,0,0,0,0,0,0,0,1
"1612",0,19,0,0,0,0,0,23,2,0,0,0,0,0,0,0,0,2,1,0,0,0,0,0,0,0
"1613",1,20,0,0,0,0,0,29,0,0,0,0,0,0,0,0,0,2,0,0,1,0,0,0,0,0
"1614",1,27,0,0,0,0,0,40,1,0,0,0,0,0,0,2,0,6,0,0,0,0,0,0,0,0
"1615",7,23,0,0,0,0,0,53,1,0,0,0,0,0,0,3,0,6,0,0,2,0,0,0,0,0
"1616",9,23,0,0,0,0,0,51,0,0,0,0,0,0,0,2,0,3,0,0,1,0,1,0,0,0
"1617",1,20,0,0,0,0,0,8,0,0,0,0,0,0,0,0,0,2,0,0,0,0,0,0,0,0
"1618",0,30,0,0,0,0,0,6,0,0,0,0,0,0,0,0,0,2,1,0,1,0,0,1,0,0
"1619",0,14,0,0,0,0,0,8,2,0,0,0,0,0,0,0,0,1,1,0,0,0,0,0,0,0
"1620",0,24,0,0,0,0,0,5,2,0,0,0,0,0,0,2,0,3,1,0,0,0,0,0,0,3
"1621",2,26,0,0,0,0,0,23,1,0,0,0,0,0,0,3,0,5,0,0,2,0,0,0,0,0
"1622",8,8,0,0,0,0,3,28,0,0,0,0,0,0,0,2,0,2,0,0,0,0,0,0,0,0
"1623",3,5,0,0,0,0,2,12,0,0,0,0,0,0,0,1,0,6,0,0,3,0,1,0,0,0
"1624",7,4,0,2,0,0,2,10,0,0,0,0,0,0,0,0,0,11,0,0,1,0,5,0,0,0
"1700",0,27,0,0,0,0,0,0,0,0,0,0,0,0,0,0,0,3,0,0,1,0,0,0,0,0
"1701",0,30,0,0,0,0,0,5,0,0,0,0,0,0,0,0,0,2,1,0,0,0,0,1,0,0
"1702",0,19,0,0,0,0,0,1,0,0,0,0,1,0,0,0,0,0,0,0,0,0,0,0,0,0
"1703",0,6,0,0,0,0,0,0,1,0,0,0,0,0,0,0,0,0,0,0,0,0,0,2,0,0
"1704",0,11,0,0,0,0,0,2,1,0,0,0,0,0,0,0,0,0,0,0,0,0,0,0,0,0
"1705",0,8,0,0,0,0,0,1,1,0,0,0,0,0,0,0,0,0,0,0,0,0,0,1,0,0
"1706",0,18,0,0,0,0,0,11,0,0,0,0,1,0,0,0,0,0,0,0,0,0,0,1,0,0
"1707",0,10,0,0,0,0,0,4,0,0,0,0,0,0,0,0,0,0,0,0,0,0,0,0,0,0
"1708",0,15,0,0,0,0,0,8,2,0,0,0,0,0,0,0,0,0,1,0,0,0,0,1,0,0
"1709",0,15,0,0,0,0,0,7,0,0,0,0,0,0,0,0,0,0,0,0,0,0,0,0,0,0
"1710",0,10,0,0,0,0,0,2,1,0,0,0,2,0,0,0,0,0,0,0,0,0,2,0,0,0
"1711",1,6,0,0,0,0,0,13,1,0,1,0,0,0,0,0,0,0,0,0,0,0,0,0,0,0
"1712",1,19,0,0,0,0,0,18,0,0,0,0,0,0,0,1,0,3,1,0,0,0,0,0,0,0
"1713",2,20,0,0,0,0,0,22,0,0,0,0,0,0,0,1,0,8,0,0,0,0,0,0,0,0
"1714",2,17,0,0,0,0,0,32,0,0,0,0,0,0,0,1,0,1,1,0,4,0,0,0,0,0
"1715",13,24,0,0,0,0,0,42,2,0,0,0,0,0,0,0,0,6,0,0,1,0,0,0,0,0
"1716",6,14,0,0,0,0,0,21,0,0,2,0,0,0,0,1,0,7,0,0,2,0,0,0,0,0
"1717",1,15,0,0,0,0,0,17,0,0,0,0,0,0,0,0,0,3,2,0,0,0,0,1,0,0
"1718",0,15,0,0,0,0,0,4,0,0,0,0,0,0,0,0,0,4,0,0,1,0,0,0,0,0
"1719",0,12,0,0,0,0,0,17,1,0,0,0,0,0,0,0,0,0,0,0,0,0,0,0,0,2
"1720",2,14,0,0,0,0,1,25,1,0,0,0,0,0,0,3,0,2,0,0,0,0,0,0,0,0
"1721",2,17,0,0,0,0,1,19,1,0,0,0,0,0,0,2,0,2,0,0,0,0,0,0,0,0
"1722",4,3,0,0,0,0,1,36,0,0,0,0,0,0,0,0,0,8,0,0,2,0,0,0,0,0
"1723",5,5,0,0,0,0,2,35,0,0,0,0,0,0,0,0,0,5,0,0,0,0,0,0,0,0
"1724",3,7,0,0,0,0,3,27,0,0,0,0,0,0,0,0,0,9,0,0,1,0,0,0,0,0
"1800",0,22,0,0,0,0,0,1,0,0,1,0,0,0,0,0,0,3,1,0,0,0,1,0,0,0
"1801",0,19,0,0,0,0,0,10,1,0,0,0,0,0,0,0,0,1,0,0,0,0,0,0,0,0
"1802",0,29,0,0,0,0,0,6,1,0,0,0,0,0,0,0,0,0,1,0,0,0,0,2,0,0
"1803",0,7,0,0,0,0,0,1,1,0,0,0,0,0,0,0,0,0,0,0,0,0,0,0,0,0
"1804",0,15,0,0,0,0,0,2,0,0,0,0,1,0,0,0,0,0,0,0,0,0,0,0,0,0
"1805",0,6,0,0,0,0,0,3,1,0,1,0,0,0,0,0,0,0,0,0,0,0,0,0,0,0
"1806",0,11,0,0,0,0,0,4,0,0,0,0,0,0,0,0,0,0,0,0,0,0,1,0,0,0
"1807",1,18,0,0,0,0,0,8,0,0,0,0,0,0,0,0,0,1,1,0,0,0,0,0,0,1
"1808",0,6,0,1,0,0,0,22,0,0,0,0,0,0,0,2,0,0,1,0,0,0,0,0,0,0
"1809",1,14,0,0,0,0,0,7,0,0,0,0,0,0,0,0,0,0,0,0,0,0,0,0,0,0
"1810",0,16,0,1,0,0,0,14,0,0,0,0,0,0,0,0,0,0,0,0,0,0,0,0,0,0
"1811",1,21,0,0,0,0,0,12,0,0,7,0,0,0,0,0,0,0,1,0,0,0,0,0,0,0
"1812",0,13,0,0,0,0,0,21,0,0,0,0,0,0,0,1,0,2,2,0,1,0,0,0,0,0
"1813",1,15,0,0,0,0,1,49,0,0,0,0,0,0,0,1,0,3,0,0,2,0,0,0,0,0
"1814",7,12,0,0,0,0,2,57,0,0,0,0,1,0,0,0,0,3,0,0,0,0,0,0,0,0
"1815",13,14,0,0,0,0,1,51,0,0,0,0,0,0,0,0,0,7,0,0,1,0,4,0,0,0
"1816",4,10,0,0,0,0,1,38,0,0,0,0,0,0,0,1,0,3,0,0,0,0,2,0,0,0
"1817",3,8,0,0,0,0,1,20,0,0,0,0,0,0,0,0,0,1,3,0,0,0,0,0,0,0
"1818",2,4,0,0,0,0,0,14,1,0,0,0,0,0,0,1,0,0,0,0,0,0,0,1,0,0
"1819",4,14,0,0,0,0,1,32,1,0,0,0,0,0,0,1,0,4,0,0,1,0,0,0,0,0
"1820",3,5,0,0,0,0,2,29,0,0,0,0,0,0,0,2,0,2,1,0,0,0,0,0,0,0
"1821",12,7,0,0,0,0,0,27,0,0,0,0,0,0,0,3,0,3,0,0,0,0,0,0,0,0
"1822",2,9,0,0,0,0,0,17,0,0,0,0,0,0,0,1,1,8,0,0,2,0,1,0,0,0
"1823",4,14,0,0,0,0,0,22,0,0,0,0,0,0,0,1,1,11,0,0,0,0,0,0,0,0
"1824",0,21,0,0,0,0,0,12,2,0,0,0,0,0,0,0,0,9,0,0,0,0,0,0,0,0
"1900",0,21,0,0,0,0,1,0,0,0,0,0,0,0,0,0,0,1,0,0,0,0,0,0,0,0
"1901",0,22,0,1,0,0,0,7,0,0,0,0,0,0,0,0,0,2,0,0,0,0,0,0,0,1
"1902",0,22,0,1,0,0,0,9,1,0,0,0,0,0,0,0,0,0,1,0,0,0,0,0,0,0
"1903",0,19,0,0,0,0,0,6,0,0,0,0,0,0,0,0,0,0,1,0,0,0,0,0,0,0
"1904",1,25,0,0,0,0,0,3,0,0,0,0,0,0,0,0,0,0,0,0,0,0,0,0,0,0
"1905",0,20,0,0,0,0,0,1,0,0,4,0,1,0,0,0,0,0,0,0,0,0,0,0,0,1
"1906",0,14,0,0,0,0,0,3,0,0,0,0,0,0,0,0,0,0,0,0,0,0,0,0,0,1
"1907",0,8,0,0,0,0,0,4,0,0,1,0,0,0,0,0,0,0,0,0,0,0,0,0,0,0
"1908",0,6,0,0,0,0,0,4,0,0,0,0,0,0,0,0,0,0,0,0,0,0,0,0,0,0
"1909",0,14,0,0,0,0,0,19,0,0,0,0,0,0,0,0,0,0,1,0,1,0,0,0,0,1
"1910",0,11,0,0,0,0,0,7,0,0,0,0,0,0,0,0,0,0,2,0,0,0,0,0,0,0
"1911",0,13,0,0,0,0,0,13,0,0,0,0,0,0,0,0,0,0,0,0,0,0,0,0,0,1
"1912",1,15,0,2,0,0,0,22,0,0,0,0,0,0,0,2,0,3,0,0,2,0,0,0,0,0
"1913",4,16,0,0,0,0,0,73,2,0,2,0,0,0,0,0,0,4,1,0,0,0,1,0,0,0
"1914",10,12,0,0,0,0,1,59,0,0,0,0,0,0,0,1,0,8,0,0,1,0,0,0,0,0
"1915",3,7,0,0,0,0,0,39,0,0,0,0,0,0,0,0,0,11,0,0,1,0,0,0,0,0
"1916",3,8,0,0,0,0,0,38,0,0,0,0,0,0,0,0,0,5,0,0,1,0,0,0,0,0
"1917",0,20,0,0,0,0,0,23,1,0,0,0,0,0,0,2,0,1,1,0,0,0,0,0,0,0
"1918",5,9,0,0,0,0,0,25,2,0,0,0,0,0,0,0,0,0,0,0,0,0,0,0,0,0
"1919",25,13,0,0,0,0,3,24,0,0,0,0,0,0,0,4,0,0,2,0,0,0,0,0,0,0
"1920",2,12,0,0,0,0,1,36,0,0,0,0,0,0,0,6,0,1,0,0,0,0,0,0,0,0
"1921",6,9,0,0,0,0,2,38,0,0,0,0,0,0,0,1,0,6,0,0,2,0,0,0,0,0
"1922",3,11,0,1,0,0,0,27,1,0,0,0,0,0,0,1,0,6,0,0,0,0,0,0,0,0
"1923",3,12,0,0,0,0,0,28,3,0,0,0,0,0,0,0,0,6,2,0,1,0,0,0,0,0
"1924",3,20,0,0,0,0,0,27,0,0,0,0,0,0,0,5,0,1,0,0,1,0,0,0,0,0
"2000",0,17,0,0,0,0,0,7,0,0,0,0,0,0,0,0,0,5,0,0,0,0,0,0,0,0
"2001",0,17,0,0,0,0,0,2,0,0,0,0,0,0,0,0,0,3,2,0,0,0,0,0,0,0
"2002",0,34,0,0,0,0,0,6,0,0,0,0,0,0,0,0,0,0,0,0,1,0,0,0,0,0
"2003",0,21,0,0,0,0,0,8,0,0,0,0,0,0,0,0,0,0,1,0,0,0,0,1,0,0
"2004",0,22,0,0,0,0,0,10,1,0,0,0,0,0,0,0,0,0,0,0,0,0,0,0,0,0
"2005",1,22,0,0,0,0,0,6,0,0,0,0,0,0,0,0,0,0,1,0,0,0,0,0,0,0
"2006",0,14,0,0,0,0,1,13,0,0,0,0,0,0,0,0,0,0,0,0,0,0,0,0,1,0
"2007",1,24,0,0,0,0,0,10,0,0,5,0,0,0,0,0,0,0,1,0,1,0,0,1,1,0
"2008",2,17,0,0,0,0,0,21,3,0,0,0,0,0,0,0,0,0,1,0,1,0,0,0,0,0
"2009",0,8,0,0,0,0,0,14,0,0,0,0,0,0,0,0,0,0,0,0,0,0,0,1,0,0
"2010",0,18,0,0,0,0,0,7,1,0,0,0,0,0,0,0,0,0,0,0,0,0,0,0,0,0
"2011",0,19,0,0,0,0,0,8,2,0,0,0,0,0,0,2,0,1,0,0,0,0,0,0,0,0
"2012",4,20,0,1,0,0,1,53,1,0,0,0,0,0,0,1,0,3,0,0,0,0,2,0,0,1
"2013",6,17,0,0,0,0,1,48,0,0,0,0,0,0,0,1,0,9,0,0,0,0,2,0,0,0
"2014",3,17,0,0,0,0,1,30,0,0,0,0,0,0,0,2,0,4,0,0,2,0,0,0,0,0
"2015",0,11,0,0,0,0,0,41,0,0,0,0,0,0,0,3,0,2,0,0,2,0,0,0,0,0
"2016",1,27,0,0,0,0,2,21,0,0,0,0,0,0,0,2,0,7,0,0,1,0,0,0,0,0
"2017",0,26,0,1,0,0,0,5,0,0,0,0,0,0,0,1,0,1,2,0,0,0,0,0,0,0
"2018",2,25,0,0,0,0,0,28,0,0,0,0,0,0,0,1,0,0,3,0,0,0,0,0,0,0
"2019",18,24,0,0,0,0,1,42,0,0,0,0,0,0,0,2,0,7,0,1,1,0,0,0,0,0
"2020",1,14,0,0,0,0,2,28,0,0,0,0,0,0,0,2,0,8,0,0,0,0,0,0,0,0
"2021",2,10,0,0,0,0,0,30,0,0,0,0,0,0,0,1,0,2,0,0,1,0,0,0,0,0
"2022",6,4,0,0,0,0,0,36,2,0,0,0,0,0,0,1,0,2,0,0,0,0,0,0,0,0
"2023",3,6,0,1,0,0,0,24,0,0,0,0,0,0,0,3,0,2,0,0,1,0,0,0,0,0
"2024",3,8,0,0,0,0,1,27,0,0,0,0,0,0,0,0,0,1,0,0,0,0,0,0,0,0
"2100",0,21,0,0,0,0,0,10,0,0,0,0,0,0,0,3,0,6,1,0,0,0,0,0,0,0
"2101",0,18,0,0,0,0,0,2,0,0,0,0,0,0,0,0,0,3,0,0,0,0,0,0,0,0
"2102",0,43,0,0,0,0,0,10,0,0,0,0,0,0,0,0,0,4,0,0,0,0,0,1,0,0
"2103",0,25,0,0,0,0,0,10,0,0,0,0,0,0,0,0,0,3,0,0,0,0,0,1,0,0
"2104",2,23,0,0,0,0,0,10,0,0,0,0,0,0,0,0,0,0,1,0,0,0,0,0,0,0
"2105",0,27,0,0,0,0,0,4,0,0,0,0,0,0,0,0,0,0,1,0,0,0,0,1,0,0
"2106",0,18,0,0,0,0,0,13,0,0,0,0,0,0,0,0,0,0,1,0,0,0,0,0,0,0
"2107",0,24,0,0,0,0,0,9,0,0,0,0,0,0,0,0,0,0,2,0,1,0,0,0,0,0
"2108",4,25,0,0,0,0,0,13,0,0,0,0,0,0,0,0,0,0,3,0,1,0,0,0,0,0
"2109",0,20,0,0,0,0,0,16,0,0,8,0,0,0,0,0,0,0,3,0,0,0,0,1,0,0
"2110",0,15,0,0,0,0,0,8,0,0,3,0,0,0,0,0,0,1,0,0,0,0,0,0,0,0
"2111",0,27,0,0,0,0,1,26,7,0,0,0,0,0,0,2,0,0,1,0,1,0,0,0,0,3
"2112",9,17,0,0,0,0,1,26,2,0,0,0,0,0,0,1,0,5,0,0,0,0,0,0,0,0
"2113",7,23,0,0,0,0,1,27,0,0,0,0,0,0,0,0,0,7,0,0,0,0,0,0,0,0
"2114",4,26,0,1,0,0,3,22,0,0,0,0,0,0,0,0,0,6,0,0,5,0,0,0,0,0
"2115",3,18,0,0,0,0,1,35,0,0,0,0,0,0,0,0,0,9,1,0,1,0,0,0,0,0
"2116",0,24,0,0,0,0,0,27,4,0,0,0,0,0,0,0,0,0,2,0,0,0,0,0,0,1
"2117",1,10,0,0,0,0,0,21,0,0,0,0,0,0,0,1,0,1,0,0,0,0,0,0,0,2
"2118",8,5,0,0,0,0,0,28,0,0,0,0,0,0,0,4,0,2,0,0,1,0,0,0,0,0
"2119",0,7,0,0,0,0,0,26,0,0,0,0,0,0,0,1,0,0,0,0,1,0,0,0,0,0
"2120",2,5,0,0,0,0,1,39,0,0,0,0,1,0,0,2,0,2,0,0,1,0,0,0,0,0
"2121",10,4,0,0,0,0,0,40,0,0,0,0,0,0,0,1,0,5,0,0,1,0,0,0,0,0
"2122",9,1,0,0,0,0,1,22,0,0,0,0,0,0,0,1,0,6,0,0,0,0,0,0,0,0
"2123",15,0,0,0,0,0,0,26,1,0,0,0,0,0,0,1,1,12,0,0,1,0,0,0,0,0
"2124",7,1,0,0,0,0,1,30,0,0,0,0,0,0,0,2,0,7,0,0,0,0,0,0,0,0
"2200",0,18,0,0,0,0,0,1,0,0,0,0,0,0,0,0,0,7,0,0,1,0,0,0,0,0
"2201",0,16,0,0,0,0,0,4,0,0,0,0,0,0,0,1,0,4,0,0,2,0,0,0,0,0
"2202",0,18,0,0,0,0,0,3,0,0,0,0,0,0,0,0,0,4,0,0,1,0,0,0,0,0
"2203",0,20,0,0,0,0,0,5,0,0,1,0,0,0,0,0,0,5,0,0,1,0,0,0,0,0
"2204",0,10,0,0,0,0,2,27,1,0,1,0,0,0,0,0,0,0,0,0,0,0,0,1,0,0
"2205",1,20,0,0,0,0,0,15,0,0,0,0,0,0,0,1,0,3,0,0,0,0,0,0,0,0
"2206",2,30,0,0,0,0,0,6,0,0,0,0,0,0,0,1,0,1,0,0,0,0,0,0,0,0
"2207",2,28,0,0,0,0,0,33,0,0,0,0,0,0,0,0,0,0,0,0,0,0,0,0,0,0
"2208",0,28,0,0,0,0,1,22,0,0,0,0,0,0,0,0,0,0,0,0,0,0,0,1,0,0
"2209",1,10,0,0,0,0,0,35,0,0,11,0,0,0,0,1,0,0,3,0,0,0,0,0,0,0
"2210",0,14,0,0,0,0,0,13,0,0,0,0,0,0,0,0,0,0,1,0,0,0,0,0,0,0
"2211",5,17,0,0,1,0,0,22,10,0,0,0,0,0,0,1,0,0,2,0,0,0,0,0,0,3
"2212",10,16,0,1,0,0,0,38,0,0,0,0,0,0,0,1,0,3,0,0,1,0,0,0,0,0
"2213",5,4,0,0,0,0,0,34,0,0,0,0,0,0,0,2,0,2,0,0,2,0,0,0,0,0
"2214",1,23,0,0,0,0,1,34,0,0,0,0,0,0,0,2,0,3,0,0,1,0,0,0,0,0
"2215",3,17,0,0,0,0,0,17,2,0,0,0,0,0,0,0,0,3,0,0,0,0,0,0,0,0
"2216",2,27,1,0,0,0,0,30,5,0,0,0,1,0,0,0,0,0,0,0,0,0,0,0,0,2
"2217",2,1,0,0,0,0,0,32,0,0,0,0,0,0,0,1,0,6,0,0,1,0,2,0,0,0
"2218",21,0,0,1,0,0,2,59,0,0,0,0,0,0,0,2,1,6,0,0,0,0,1,0,0,0
"2219",10,0,0,0,0,0,0,38,0,0,0,0,0,0,0,4,0,8,0,0,1,0,1,0,0,0
"2220",8,0,0,0,0,0,0,39,0,0,0,0,0,0,0,6,0,3,0,0,0,0,0,0,0,0
"2221",4,2,0,0,0,0,0,76,0,0,0,0,0,0,0,0,0,9,0,0,0,0,0,0,0,0
"2222",6,10,0,0,0,0,1,41,0,0,0,0,0,0,0,0,0,9,0,0,0,0,1,0,0,0
"2223",7,0,0,0,0,0,0,31,0,0,0,0,0,0,0,1,0,7,0,0,1,0,0,0,0,0
"2224",5,0,0,0,0,0,1,27,0,0,0,0,0,0,0,2,0,5,0,0,1,0,0,0,0,0
"2300",0,12,0,0,0,0,1,6,0,0,0,0,0,0,0,0,0,8,0,0,0,0,0,0,0,0
"2301",0,21,0,0,0,0,0,5,2,0,0,0,0,0,0,0,0,6,0,0,1,0,0,0,0,0
"2302",0,16,0,0,0,0,0,4,0,0,0,0,0,0,0,0,0,2,0,0,0,0,0,0,0,0
"2303",0,22,0,0,0,0,0,7,0,0,0,0,0,0,0,0,0,2,0,0,0,0,0,0,0,0
"2304",0,21,0,0,0,0,0,5,0,0,0,0,0,0,0,0,0,4,1,0,1,0,0,0,0,0
"2305",0,22,0,0,0,0,0,4,0,0,0,0,0,0,0,0,0,6,1,0,0,0,0,0,0,0
"2306",0,29,0,0,0,0,0,0,0,0,0,0,0,0,0,1,0,7,1,0,2,0,0,0,0,0
"2307",0,28,0,0,0,0,0,12,0,0,0,0,0,0,0,2,0,4,0,0,0,0,0,0,0,0
"2308",0,27,0,0,0,0,1,20,0,0,0,0,1,0,0,0,0,1,0,0,0,0,1,0,0,0
"2309",0,12,0,0,0,0,0,48,0,0,0,0,0,0,0,0,0,0,3,0,0,0,0,3,0,0
"2310",0,13,0,0,0,0,0,19,0,0,0,0,0,0,0,0,0,0,0,0,0,0,0,1,0,0
"2311",1,12,0,0,0,0,0,37,1,0,1,0,0,0,0,0,0,0,0,0,0,0,0,0,1,4
"2312",9,6,0,0,0,0,1,30,0,0,0,0,0,0,0,1,0,2,0,0,2,0,0,0,0,1
"2313",5,2,0,0,0,0,0,30,0,0,0,0,0,0,0,0,0,5,1,0,0,0,0,0,0,0
"2314",4,4,0,0,0,0,1,41,0,0,0,0,0,0,0,1,0,0,0,0,0,0,0,0,0,0
"2315",0,12,0,0,0,0,0,28,1,0,0,0,0,0,0,1,0,0,0,0,0,0,0,0,0,0
"2316",3,17,0,0,0,0,0,30,0,0,0,0,1,0,0,1,0,3,1,0,0,0,0,0,0,0
"2317",7,0,0,0,0,0,1,42,0,0,0,0,0,0,0,2,0,2,0,0,0,0,1,0,0,1
"2318",4,1,0,0,0,0,1,54,0,0,0,0,0,0,0,1,0,13,0,0,0,0,2,0,0,0
"2319",13,1,0,0,0,0,0,63,0,0,0,0,0,0,0,4,1,10,0,0,1,0,5,0,0,0
"2320",15,0,0,0,0,0,0,51,0,0,0,0,0,0,0,1,2,1,0,0,0,0,5,0,0,0
"2321",8,0,0,0,0,0,0,73,0,0,0,0,0,0,0,1,0,8,1,0,0,0,1,0,0,0
"2322",10,2,0,0,0,0,0,35,0,0,0,0,0,0,0,2,0,5,0,0,0,0,0,0,0,0
"2323",5,19,0,0,0,0,0,56,0,0,0,0,0,0,0,1,0,6,2,0,0,0,0,0,0,0
"2324",7,8,0,0,0,0,2,29,0,0,0,0,0,0,0,2,0,9,0,0,0,0,0,0,0,0
"2400",0,11,0,0,0,0,0,10,2,0,0,0,0,0,0,0,0,6,0,0,0,0,0,0,0,0
"2401",0,14,0,1,0,0,0,13,0,0,1,0,0,0,0,1,0,5,0,0,1,0,0,0,0,0
"2402",0,26,0,0,0,0,0,9,1,0,0,0,0,0,0,0,0,9,0,0,0,0,0,0,0,0
"2403",0,18,0,0,0,0,0,3,0,0,0,0,0,0,0,0,0,5,1,0,0,0,0,0,0,0
"2404",0,21,0,0,0,0,0,0,0,0,0,0,0,0,0,0,0,3,0,0,2,0,0,0,0,0
"2405",0,21,0,0,0,0,0,1,0,0,0,0,0,0,0,0,0,1,1,0,2,0,0,0,0,0
"2406",0,27,0,0,0,0,0,6,0,0,0,0,0,0,0,0,0,6,0,0,0,0,0,0,0,0
"2407",1,31,0,0,0,0,0,5,0,0,0,0,0,0,0,0,0,2,0,0,0,0,0,0,0,0
"2408",1,27,0,0,0,0,0,15,0,0,0,0,0,0,0,0,0,5,0,0,0,0,0,0,0,0
"2409",3,19,0,0,0,0,0,19,0,0,0,0,0,0,0,0,0,3,2,0,0,0,0,0,0,0
"2410",0,15,0,0,0,0,0,9,1,0,1,0,0,0,0,0,0,0,1,0,0,0,0,1,0,0
"2411",1,10,0,0,0,0,0,30,0,0,0,0,1,0,0,0,0,0,0,0,0,0,0,0,0,0
"2412",0,4,0,0,0,0,0,24,1,0,0,0,0,0,0,1,1,2,1,0,1,0,0,0,0,2
"2413",0,8,0,0,0,0,0,14,0,0,0,0,0,0,0,0,0,4,0,0,0,0,0,0,0,0
"2414",0,13,0,0,0,0,0,20,0,0,0,0,0,0,0,0,0,1,1,0,0,0,0,0,0,3
"2415",1,13,0,0,0,0,0,22,0,0,0,0,0,0,0,1,0,1,1,0,0,0,0,1,0,0
"2416",10,6,0,0,0,0,3,48,0,0,0,0,0,0,0,3,0,4,0,0,0,0,0,0,0,0
"2417",7,1,0,0,0,0,0,38,0,0,0,0,0,0,0,3,1,9,0,0,0,0,1,0,0,0
"2418",17,0,0,0,0,0,0,44,0,0,0,0,1,0,0,3,0,9,0,0,0,0,3,0,0,0
"2419",21,0,0,0,0,0,0,76,0,0,0,0,0,0,0,2,1,13,0,0,0,0,2,0,0,0
"2420",14,1,0,0,0,0,1,49,0,0,0,0,0,0,0,0,3,6,0,0,2,0,5,0,0,0
"2421",20,0,0,0,0,0,0,41,0,0,0,0,0,0,0,1,2,10,0,0,2,0,6,0,0,0
"2422",13,0,0,0,0,0,1,39,0,0,0,0,0,0,0,0,4,10,0,0,0,0,2,0,0,0
"2423",10,0,0,0,0,0,0,46,0,0,0,0,0,0,0,1,0,11,0,0,1,0,1,0,0,0
"2424",4,10,0,0,0,0,1,35,0,0,0,0,0,0,0,0,0,11,0,0,0,0,1,0,0,0
